,firstactivity2houraftersignup,lastofferpage,sessioncount24,sessioncount2hr,firstsessionlength,secondsessionlength,createtreebeforesignup,searchvolumebeforesignup,contentviewimagebeforesignup,contentviewimagedbbeforesignup,contentviewtextbeforesignup,contentviewtextdbbeforesignup,contentviewhoverbeforesignup,contentviewhoverdbbeforesignup,contentviewhovernosubbeforesignup,contentviewhovernosubdbbeforesignup,grosstreecountatsignup,nettreecountatsignup,netnodescountatsignup,totalpendinghintscountatsignup,createtreein2hours,netnodesgrowthin2hours,personahintsgeneratedcount,personahintacteduponcount,personahintacceptedcount,acceptpersonahintsnodescount,objecthintsgeneratedcount,objecthintacteduponcount,objecthintacceptedcount,acceptobjecthintsnodescount,recordhintsgeneratedcount,recordhintacteduponcount,recordhintacceptedcount,acceptrecordhintsnodescount,acceptrecordhintsrecordcount,acceptrecordhintsdbidcount,searchcountin2hours,searchdbcountin2hours,contentviewcountin2hours,contentviewdbcountin2hours,contentimageviewcountin2hours,contentimageviewdbcountin2hours,familytreeviewin2hours,pedigreetreeviewin2hours,totaltreeviewin2hours,personoverviewin2hours,personoverviewtreesin2hours,personoverviewnodesin2hours,dbcitationcountin2hours,hintsdbcitationcountin2hours,searchdbcitationcountin2hours,dbcitationnodescountin2hours,dbcitationdatabasecountin2hours,createnodesfromhintsin2hours,createnodesfromsearchin2hours,createnodesfromotherin2hours,age,y
firstactivity2houraftersignup,0.07048639892009367,0.004177447904711784,-0.003061610187577467,-0.0002427761203430563,-0.006715211407518552,-0.007536823203950423,0.0,0.0,-0.001578392216861783,-5.6209249537555106e-05,-0.0032109776044638525,-0.0010553899861487004,-0.0016580192237740873,-0.0006716180392759171,-0.003633839815999088,-0.00201466032077962,-0.0001769993389693209,-0.0001769993389693209,-0.0003551946194181649,-0.0027091618860238496,0.0,-0.0004831603577270626,-0.00552405369391416,-0.006168666151376783,-0.005312372052038698,-0.006202152512803371,-0.005258554685460181,-0.0031788124525706485,-0.0032266501117515665,-0.002018749217433889,-0.006900582336844519,-0.007096716739486193,-0.0069173255175578,-0.006490374409368323,-0.006886231039090211,-0.006122024433675409,-0.006636279269870051,-0.005013386682158101,-0.006141159497347758,-0.004640252940547075,-0.00371220235243767,-0.004259943550058956,-0.007432776295231999,-0.007186412350450384,-0.0066279076795134045,-0.006119632550716342,-0.0033295010789904946,-0.004823231986914042,-0.001427954126549802,-0.00710389238836336,-0.006379151851772731,-0.002582037654288959,-0.005287257280968724,-0.006143551380306773,-0.004006403956400194,-0.0005046873043584752,-0.00048435629920659003,0.0
lastofferpage,0.004177447904711784,0.041700946699464364,-0.00015546207614524778,4.076296161780663e-05,-0.0015409105413858842,-0.0021587907961410743,0.0,0.0,-0.000857136342782986,-3.047698064882833e-05,-0.0015927833056449446,-0.000473674618561393,-0.0009499739712879455,-0.00039814608762511733,-0.0018717250500267888,-0.0011263513912130796,-6.462505214853809e-05,-6.462505214853809e-05,-0.00019258857984472388,-0.001354532309532166,0.0,-0.00026197234430056453,-0.0005189177552842559,-0.0015423481765223864,-0.0007646104106710202,-0.0011530194861517212,-0.00021823758232114614,0.00025116539560144047,0.0005386776854844127,0.0002846031235483176,-0.0006853967883366675,-0.001716419927384418,-0.001807223055319458,-0.001560055184379999,-0.0017903634490030967,-0.0015170587670478165,-0.0023287559654471147,-0.0019503344382186944,-0.002154334200904991,-0.0017793641769976542,-0.001088099685640991,-0.0014791231790941748,-0.0017889258138665722,-0.002188211103911504,-0.0015562639835715443,-0.001123949192061355,-0.0006768542439299426,-0.0009068810238671458,-0.00044512234471756016,-0.001328497923572205,-0.0021423224682754873,-0.00047531784068051343,-0.001377893327847206,-0.0006667429013655497,-0.0012319449919620446,-0.00027364437944267175,0.0008031097048673355,0.0
sessioncount24,-0.003061610187577467,-0.00015546207614524778,0.07057784951193105,0.0006089621518103425,0.006358659717516175,0.009108195497319768,0.0,0.0,0.0023194863750803556,-2.9553435780681905e-05,0.0024410489508446646,0.0016607419617696757,0.0021819695617188257,0.0018080699656134445,0.0024835352078866587,0.0012273115477086558,9.731608424459422e-07,9.731608424459422e-07,-7.704501125965775e-05,0.007655462612832909,0.0,0.00353871297521461,0.004304942291264843,0.004828008875370324,0.0026295734420222817,0.004089467237968181,0.0016234838038017493,0.003923743988841118,0.004118007230630239,0.002668648232395721,0.0029229522068070506,0.007176786605812667,0.007114381008831274,0.006962721186558113,0.007224764761712857,0.006043642492969644,0.0017767706370341511,0.0026143749883503786,0.002272179999822282,0.0026381619180487577,0.001684237336213136,0.0016156636385060033,0.004304423534147408,0.006753486692959562,0.005479883932476917,0.006232970173434173,0.0019011247254118698,0.00401517173768032,0.0006127251059007673,0.0068282186664471,0.012616284363328076,0.0018866373521637303,0.004868274203503329,0.005170336255037789,0.008738906748093326,-0.0002653521255201661,-0.00011361001932920061,0.0
sessioncount2hr,-0.0002427761203430563,4.076296161780663e-05,0.0006089621518103425,0.003359467162478208,-0.0002799728724021891,-0.0003142277901831893,0.0,0.0,1.1248825618749455e-05,-2.3434951029212647e-06,-0.0001345265912272673,-4.7268794841901046e-05,-7.304724097403547e-05,-3.061502113177981e-05,1.762718017620187e-05,3.877046268950895e-05,8.29299079341066e-06,8.29299079341066e-06,-1.4808894586544924e-05,0.00017435225305336137,0.0,-2.014408556553602e-05,-0.00023031072085943324,-0.00025718612214612596,-0.0002214852180250268,-0.00025858224688829256,-0.00018789643154254292,-0.00013253212730988828,-0.00013452659122726714,-8.416637731342753e-05,-0.0002877014200820353,-0.0002488612002801463,-0.00022570945330225596,-0.00025492638470279007,-0.00022441305175595935,-0.0001925514906758184,-0.0002610094996507962,-0.0001933473112536867,-0.00011498673980418836,-0.00017779049269812402,0.00020569726762879255,-0.00014626199726723953,-0.00030988983116288785,-0.0002212558055498002,-0.0002606604684652539,-0.0002394692893430963,-7.612465949877078e-05,-0.00016974680989438712,-5.953474793378699e-05,-0.0002805053844431841,-0.00023461674880716476,-0.00010765118994057499,-0.00018909310989297112,-0.00025613902858949997,-0.0001356913385051259,-2.1041594328357003e-05,-2.019394716347055e-05,0.0
firstsessionlength,-0.006715211407518552,-0.0015409105413858842,0.006358659717516175,-0.0002799728724021891,0.24873650452929064,0.03186887722573882,0.0,0.0,0.0019520474174501985,0.00013892128930728854,0.00544739799611623,0.0026890298360164534,0.004154473989245751,0.002554119580671058,0.0046680371492838,0.00319945515411555,-9.441060226443247e-05,-9.441060226443247e-05,-0.00040961548326823007,0.0033828915516911015,0.0,-0.00046315234765540554,0.03422137664550077,0.041674721709563635,0.03890081048583172,0.03919119362476241,0.02802346335101641,0.021347469932450666,0.021856513126354695,0.014707965133003842,0.03924774232616359,0.04596447807396193,0.04576386939118249,0.04059846034626558,0.040455403000566215,0.03683868732753855,0.022171729797293094,0.017570527084755885,0.019796277585697603,0.016198491880606885,0.0004364601816005282,0.01751473048292536,0.03317997615349181,0.035156717343101315,0.033230501672112174,0.032515833669551554,0.009466330722897874,0.02086162761025136,0.0068947794784642025,0.04304111665817875,0.039128128037073266,0.01452854812059377,0.031234572118501353,0.0362026343625134,0.025800094662464673,-0.0002685624264315162,-0.0003078064514895831,0.0
secondsessionlength,-0.007536823203950423,-0.0021587907961410743,0.009108195497319768,-0.0003142277901831893,0.03186887722573882,0.3604923193879831,0.0,0.0,0.00354292959615912,0.00011531784046436464,0.0039107251993075,0.0016357281420137412,0.002010891471721934,0.00019367006071026362,0.007310103991884091,0.004019095820875414,-0.00015072964556689744,-0.00015072964556689744,-0.000459732284159641,0.0024986442545553325,0.0,-0.0006096872327812921,0.01842768872677322,0.023110082331907617,0.022792194995184457,0.021530834853548404,0.011499283618281363,0.010382697485930712,0.011762651350453136,0.007464532975019954,0.020830592081456253,0.028460004342792975,0.028582484814081786,0.02487217032490385,0.02390530604434513,0.023154778710418697,0.010045202260037505,0.009105263487987058,0.009416568111288407,0.007864238772728249,0.0010097560622223392,0.009610277963027538,0.015878845633032396,0.01771795039057004,0.014021182044870498,0.013738697670798838,0.008886841442315909,0.01084027098396109,0.004687218881446833,0.028482061836476277,0.018731451476357464,0.007816865587841379,0.01907897207654281,0.023362003757058082,0.010392939745892624,-0.000527842244443621,-0.00037614754361423215,0.0
createtreebeforesignup,0.0,0.0,0.0,0.0,0.0,0.0,0.0,0.0,0.0,0.0,0.0,0.0,0.0,0.0,0.0,0.0,0.0,0.0,0.0,0.0,0.0,0.0,0.0,0.0,0.0,0.0,0.0,0.0,0.0,0.0,0.0,0.0,0.0,0.0,0.0,0.0,0.0,0.0,0.0,0.0,0.0,0.0,0.0,0.0,0.0,0.0,0.0,0.0,0.0,0.0,0.0,0.0,0.0,0.0,0.0,0.0,0.0,0.0
searchvolumebeforesignup,0.0,0.0,0.0,0.0,0.0,0.0,0.0,0.0,0.0,0.0,0.0,0.0,0.0,0.0,0.0,0.0,0.0,0.0,0.0,0.0,0.0,0.0,0.0,0.0,0.0,0.0,0.0,0.0,0.0,0.0,0.0,0.0,0.0,0.0,0.0,0.0,0.0,0.0,0.0,0.0,0.0,0.0,0.0,0.0,0.0,0.0,0.0,0.0,0.0,0.0,0.0,0.0,0.0,0.0,0.0,0.0,0.0,0.0
contentviewimagebeforesignup,-0.001578392216861783,-0.000857136342782986,0.0023194863750803556,1.1248825618749455e-05,0.0019520474174501985,0.00354292959615912,0.0,0.0,0.7261951276178892,0.0023666824653262543,0.04374331655939586,0.021095227231585422,0.04560850114326587,0.023493836839502465,0.0354750578554314,0.02616302888262649,0.000703350156700336,0.000703350156700336,-9.819099563295314e-05,0.003048640277147255,0.0,-0.00013356620281384864,-0.0006337519628110188,-0.0001537051302830514,-0.0006222516185898794,-0.0006174649051881666,-0.0004976666439951067,0.00144077125907899,0.00012672877768230023,-0.000213273528654845,-0.0005911257002969883,7.55896912214239e-05,-3.1543969719893326e-05,0.0002902261854276991,-0.000884936025808719,-0.0006893491182497969,0.0002342193297655029,0.0004634412010503294,0.0014524946295608049,-7.598146091948412e-05,0.00284489768240694,0.00035827498542652814,0.00023344856279841297,-0.0013754041779286403,-0.0004373842177159363,0.004389204461795958,0.004502270916020625,0.0063305083014449275,-0.00012831501511807917,-0.0006003117786277926,-0.0005096700254210428,-0.00038466306942108746,-0.0009601039812486125,-0.0010244227407241247,-0.0002612261396969992,-0.00013951717224614866,-0.00013389681222675544,0.0
contentviewimagedbbeforesignup,-5.6209249537555106e-05,-3.047698064882833e-05,-2.9553435780681905e-05,-2.3434951029212647e-06,0.00013892128930728854,0.00011531784046436464,0.0,0.0,0.0023666824653262543,0.003086941353069991,0.007052826743369345,0.0042363054682834815,0.004230337059573052,0.00615220715720929,0.0010769144765437528,0.00048146776525728323,4.5308963857076544e-05,4.5308963857076544e-05,-3.4286603229931124e-06,0.00030896161944567196,0.0,-4.663901584138846e-06,-5.3323171824597645e-05,-5.9545555373733506e-05,-5.127982880382383e-05,-5.9868796077584655e-05,-5.076033481549182e-05,0.00015738530920842965,0.00010990601491120866,0.0002626183344609983,2.7424370111242364e-05,0.00016658366872098528,0.00012129779348561222,0.00012541911245971492,0.00012159794556775984,8.195723833893103e-05,0.00040611583771467917,0.0003120739165265985,0.0012415380686562779,0.000362693263375517,0.0012022945348454824,0.0008208670655701595,-7.174789194411658e-05,2.466527981765478e-05,-1.696104887768816e-05,0.00097531324236044,0.00020294824790424802,0.0002042019109380292,3.323361470606397e-05,7.247935912957979e-05,0.00012649273336893578,2.209335473404913e-05,9.001516731350772e-05,3.4731918880450194e-05,8.344080509520644e-06,-4.871699179471796e-06,-4.675445894990663e-06,0.0
contentviewtextbeforesignup,-0.0032109776044638525,-0.0015927833056449446,0.0024410489508446646,-0.0001345265912272673,0.00544739799611623,0.0039107251993075,0.0,0.0,0.04374331655939586,0.007052826743369345,0.6242033415385047,0.1579461961830034,0.14653879398041597,0.08207751261872856,0.13539089118336992,0.0762083989822062,0.0009989970101320581,0.0009989970101320581,0.00010095794588286882,0.06091513655214382,0.0,-0.00012667523172984723,0.0006220622427671692,-0.0006598069811563148,-0.0012353770910159335,-0.00017684213984284236,0.002493155794427998,0.007783120093479716,0.005562461370494572,0.0019375138669586293,0.0005018758962306088,0.004624771282823877,0.004880900240844311,0.005148826502060798,0.004396610014395621,0.004271532810036011,0.012151951302858505,0.009415203426371513,0.0161720352676181,0.009230150825276699,0.002676099470991459,0.00840650158079124,0.008529079073415923,-0.00037744296266599577,0.002361273096009442,0.016058583675533634,0.008890731383825722,0.011463962448300138,-3.8974575930318854e-05,0.0014236036407241203,0.00652694752301783,-0.00041204027979438375,0.0029160813768611244,-0.0002540777550433539,0.015317515553420343,-0.0002796562635364881,-0.0002683904898869141,0.0
contentviewtextdbbeforesignup,-0.0010553899861487004,-0.000473674618561393,0.0016607419617696757,-4.7268794841901046e-05,0.0026890298360164534,0.0016357281420137412,0.0,0.0,0.021095227231585422,0.0042363054682834815,0.1579461961830034,0.15738199034187153,0.09355286414374363,0.08096225457337321,0.07416046967691697,0.042177739755697524,0.00015360810894716545,0.00015360810894716545,-3.78117936415372e-05,0.022582248193043972,0.0,-6.272687269613601e-05,0.001040248762783805,0.0001154440910128301,0.0004859081493334436,0.0007358245487501712,0.0018285495730646006,0.012342245021080115,0.006189308116050695,0.0018481157062166197,0.0013991373160509143,0.004166328522748745,0.004138566174515526,0.004817249332032765,0.003313977419625638,0.0034470968330472026,0.008487553204787352,0.005355580688191629,0.00953997654867078,0.005349867728061788,0.0020042461242730965,0.0038096461609725247,0.00421060488484366,0.00018372033849779868,0.0022671977700069847,0.00401177279781719,0.007266358422464739,0.004405236070838279,0.00034887595140405657,0.0014222426401617587,0.004588144377598237,0.00043762468325475286,0.0012744233890476997,0.00074723425784993,0.006648716913882896,-9.82632089816862e-05,-9.430473847768563e-05,0.0
contentviewhoverbeforesignup,-0.0016580192237740873,-0.0009499739712879455,0.0021819695617188257,-7.304724097403547e-05,0.004154473989245751,0.002010891471721934,0.0,0.0,0.04560850114326587,0.004230337059573052,0.14653879398041597,0.09355286414374363,0.6122521988560655,0.24303204469658815,0.21890939071872942,0.12350121802623731,-2.191110199677125e-05,-2.191110199677125e-05,-0.00010687207176989258,0.008443290351992417,0.0,-0.00014537480469709645,-0.00018887892608313036,-0.0008843521784279899,-0.00014085999665949762,0.000672823068829934,0.004733810000679364,0.0258748814100231,0.010140963055424335,0.003028614090926611,0.0006820924135730625,0.0035224927272204964,0.003200328346138498,0.004770661405907524,0.004244069631390419,0.004019503801733356,0.013895177856911752,0.00990114178741209,0.01595619693696508,0.009449201176206462,0.00842761784470472,0.004767842629070567,0.010411316323779738,-0.0004696395134832255,0.0061241331125831385,0.004631451263205289,0.0057373874003596075,0.004378943534437768,-0.0002729222459553433,0.0007619724128295702,0.0013091572729172483,-0.0002596988519336652,0.0010264621537667343,3.220985539478359e-05,0.002085767135035991,-0.00015185189995587604,-0.0001457346433225817,0.0
contentviewhoverdbbeforesignup,-0.0006716180392759171,-0.00039814608762511733,0.0018080699656134445,-3.061502113177981e-05,0.002554119580671058,0.00019367006071026362,0.0,0.0,0.023493836839502465,0.00615220715720929,0.08207751261872856,0.08096225457337321,0.24303204469658815,0.23135898849703285,0.1195049200086808,0.06609543382808077,-2.2320310972923173e-05,-2.2320310972923173e-05,-4.479143485782635e-05,0.0070703527266078444,0.0,-6.0928416439600946e-05,-0.000132394578074201,-0.0002763727667818585,0.00038014703326531244,0.000894842518261403,0.006107398774320678,0.028561932747658246,0.010971347054361695,0.001814198766557567,0.0011829079525707404,0.003681448308328387,0.0033279300702201155,0.005027383545006844,0.0030340735674649444,0.003130443018219702,0.007453895506629048,0.0057778477536589755,0.0073752794865990364,0.005401743685428095,0.0009267298698232458,0.003960813999104513,0.009892400287860752,-0.0007181647006304918,0.006169805599420145,0.004556942807225789,0.0028243458616070724,0.002980775694874774,-0.00018007061690317858,0.00024826433484675145,0.00026129442306756505,-0.0002002250186613919,-0.00018089615794090536,7.158946469944972e-05,0.0005605072404343248,-6.364304885522729e-05,-6.10792293515808e-05,0.0
contentviewhovernosubbeforesignup,-0.003633839815999088,-0.0018717250500267888,0.0024835352078866587,1.762718017620187e-05,0.0046680371492838,0.007310103991884091,0.0,0.0,0.0354750578554314,0.0010769144765437528,0.13539089118336992,0.07416046967691697,0.21890939071872942,0.1195049200086808,0.5214400000401651,0.3148058283193331,0.00010657756903135378,0.00010657756903135378,-0.00014807494531824796,0.060699630795892946,0.0,-0.0003080159684503625,0.0016816740079567706,0.0011453518531333614,0.0014404814231894372,0.0016411969522502955,0.0013494100742448398,0.015181911902552692,0.005011303056861179,0.0004997080220268196,0.0008354784787540408,0.003124008415849753,0.00339509585325061,0.0037142958026800347,0.0026939833278664185,0.002585611723803951,0.021440921865667026,0.017287920144490418,0.022665567414439883,0.01714965368779442,0.005234627504666144,0.010496198693989552,0.011263215970661307,0.0028474121315599033,0.007058897085888328,0.004985030170351463,0.009788540053105128,0.0050435360008776456,-0.00020506159366103744,0.0019283233674024162,0.005885316445238644,0.0003600252994505676,0.0010960244866053141,0.001647210310085894,0.0036678925855283652,-0.000321739452193201,-0.0003087783842138536,0.0
contentviewhovernosubdbbeforesignup,-0.00201466032077962,-0.0011263513912130796,0.0012273115477086558,3.877046268950895e-05,0.00319945515411555,0.004019095820875414,0.0,0.0,0.02616302888262649,0.00048146776525728323,0.0762083989822062,0.042177739755697524,0.12350121802623731,0.06609543382808077,0.3148058283193331,0.25404686295876927,9.358113124854805e-05,9.358113124854805e-05,-6.402450236060796e-05,0.04459613017182394,0.0,-0.00017236589471594012,0.0008346905181325004,0.0009965397912860263,0.001552780057930598,0.0013137162932091411,0.0004749037192316692,0.006482807482040385,0.00217147455503636,0.00037689325697053003,-0.00011088433384998389,0.0019662788508705044,0.0018735510161304477,0.002057209457472203,0.0015398487104111578,0.0016244068574226254,0.011659422859686993,0.0107181513337923,0.012588335586755768,0.01049079792150001,0.002092290407538194,0.006755362766284823,0.007347440749415241,0.0017305376370616474,0.0042022959285139706,0.002894733244236127,0.006335014758278916,0.0031378048498122216,-0.00025865789896791766,0.0014308537135626768,0.0027081155293381125,-4.347317280799336e-05,0.00091916687247348,0.0010995344483515546,0.0013917796600601401,-0.00018004556329239332,-0.00017279254297018933,0.0
grosstreecountatsignup,-0.0001769993389693209,-6.462505214853809e-05,9.731608424459422e-07,8.29299079341066e-06,-9.441060226443247e-05,-0.00015072964556689744,0.0,0.0,0.000703350156700336,4.5308963857076544e-05,0.0009989970101320581,0.00015360810894716545,-2.191110199677125e-05,-2.2320310972923173e-05,0.00010657756903135378,9.358113124854805e-05,0.008050288605781821,0.008050288605781821,0.0006787936881530553,0.0009215479479925833,0.0,-1.468632839260741e-05,-0.00012089374260579865,-0.00018750515309175583,-0.00014580440043496384,-0.00017285051014808269,-0.00011282353244946398,4.442815750144478e-05,7.431908015681724e-05,0.00011103490113833506,-0.000162735237605529,-0.00015302450719006,-0.00013189915520211848,-8.757637024015034e-05,-8.393647359093215e-05,-0.00013906989160655038,-0.0001076838578840499,-4.268128220829309e-05,-6.128899193599458e-05,-3.133936523182403e-05,-3.1299819826573655e-06,8.99282165466655e-05,2.4830584524106524e-05,-3.0370871238446915e-05,2.2781592159734014e-06,-0.00015466969429826294,-3.85147684853233e-05,-0.00013093631055234933,-4.340464381379559e-05,-0.00013757011369035308,-0.00011554062110144101,-4.7139596809814856e-05,-0.0001136959876015008,-0.00013972423297057803,-9.043518372960603e-05,-1.534066975663467e-05,-1.4722680690609012e-05,0.0
nettreecountatsignup,-0.0001769993389693209,-6.462505214853809e-05,9.731608424459422e-07,8.29299079341066e-06,-9.441060226443247e-05,-0.00015072964556689744,0.0,0.0,0.000703350156700336,4.5308963857076544e-05,0.0009989970101320581,0.00015360810894716545,-2.191110199677125e-05,-2.2320310972923173e-05,0.00010657756903135378,9.358113124854805e-05,0.008050288605781821,0.008050288605781821,0.0006787936881530553,0.0009215479479925833,0.0,-1.468632839260741e-05,-0.00012089374260579865,-0.00018750515309175583,-0.00014580440043496384,-0.00017285051014808269,-0.00011282353244946398,4.442815750144478e-05,7.431908015681724e-05,0.00011103490113833506,-0.000162735237605529,-0.00015302450719006,-0.00013189915520211848,-8.757637024015034e-05,-8.393647359093215e-05,-0.00013906989160655038,-0.0001076838578840499,-4.268128220829309e-05,-6.128899193599458e-05,-3.133936523182403e-05,-3.1299819826573655e-06,8.99282165466655e-05,2.4830584524106524e-05,-3.0370871238446915e-05,2.2781592159734014e-06,-0.00015466969429826294,-3.85147684853233e-05,-0.00013093631055234933,-4.340464381379559e-05,-0.00013757011369035308,-0.00011554062110144101,-4.7139596809814856e-05,-0.0001136959876015008,-0.00013972423297057803,-9.043518372960603e-05,-1.534066975663467e-05,-1.4722680690609012e-05,0.0
netnodescountatsignup,-0.0003551946194181649,-0.00019258857984472388,-7.704501125965775e-05,-1.4808894586544924e-05,-0.00040961548326823007,-0.000459732284159641,0.0,0.0,-9.819099563295314e-05,-3.4286603229931124e-06,0.00010095794588286882,-3.78117936415372e-05,-0.00010687207176989258,-4.479143485782635e-05,-0.00014807494531824796,-6.402450236060796e-05,0.0006787936881530553,0.0006787936881530553,0.9789615015119306,0.24558116681877853,0.0,-2.9471888733813426e-05,0.0234852540128192,-0.00037627723289359303,-0.0003240448756326715,-0.0003783198390434594,0.0010584185255700508,0.006012411202137253,0.007388673834670742,0.007462353556505274,-0.00042092276731213853,-0.0004015415887573714,-0.0003749265485239245,-0.00038022833468853983,-0.0003730298428133352,-0.0003107421451768405,-0.0004048007687721094,-0.00025878979885998396,-0.0003745993778419156,-0.00022035682304516712,-0.0002264374817568274,-0.00022850366777567107,-0.00045338561505112054,-0.00023461527506535122,-0.00026323755164519896,-0.0003576137666007108,-0.0002030934114726156,-0.0002942082358006732,-8.710256224795548e-05,-0.0004333243046506249,-0.0003107539351113327,-0.0001574995241987704,-0.0002754953991571246,-0.00037474527828119383,-0.00024438323578781157,-3.078499268730076e-05,-2.9544838953451452e-05,0.0
totalpendinghintscountatsignup,-0.0027091618860238496,-0.001354532309532166,0.007655462612832909,0.00017435225305336137,0.0033828915516911015,0.0024986442545553325,0.0,0.0,0.003048640277147255,0.00030896161944567196,0.06091513655214382,0.022582248193043972,0.008443290351992417,0.0070703527266078444,0.060699630795892946,0.04459613017182394,0.0009215479479925833,0.0009215479479925833,0.24558116681877853,0.7225182685415598,0.0,0.007152097500502442,0.008749974794716562,0.0015528370426139612,0.0004844584786388157,0.0008575715878644685,0.010251394213667444,0.004822384585372781,0.005544168304643501,0.004120057205489181,0.006054423405563434,0.0030143008648357613,0.0032383707803734646,0.003259793091336264,0.0016909428614525774,0.00228783408533736,0.0003457270564014798,0.007821725742710024,0.00252639554972495,0.008231997041084054,-0.0010970654395710698,0.008145322600832205,0.012407309002664627,0.004806475542524402,0.007654452362821526,0.006160468216930163,0.005556963085421855,0.008005639878255902,0.0003434761614090118,0.002461188615184762,0.0029075400605725614,0.00048540535775229703,0.0013781296177841976,0.0019606604558402127,0.00011023343121685832,-0.0003217394521932017,-0.0003087783842138536,0.0
createtreein2hours,0.0,0.0,0.0,0.0,0.0,0.0,0.0,0.0,0.0,0.0,0.0,0.0,0.0,0.0,0.0,0.0,0.0,0.0,0.0,0.0,0.0,0.0,0.0,0.0,0.0,0.0,0.0,0.0,0.0,0.0,0.0,0.0,0.0,0.0,0.0,0.0,0.0,0.0,0.0,0.0,0.0,0.0,0.0,0.0,0.0,0.0,0.0,0.0,0.0,0.0,0.0,0.0,0.0,0.0,0.0,0.0,0.0,0.0
netnodesgrowthin2hours,-0.0004831603577270626,-0.00026197234430056453,0.00353871297521461,-2.014408556553602e-05,-0.00046315234765540554,-0.0006096872327812921,0.0,0.0,-0.00013356620281384864,-4.663901584138846e-06,-0.00012667523172984723,-6.272687269613601e-05,-0.00014537480469709645,-6.0928416439600946e-05,-0.0003080159684503625,-0.00017236589471594012,-1.468632839260741e-05,-1.468632839260741e-05,-2.9471888733813426e-05,0.007152097500502442,0.0,0.9734733729765248,0.007503281331582273,-0.00019838824511778184,-1.958111619372513e-06,-0.00021683924696625813,-0.00026392529782361124,-0.0002637585193753426,-0.00026772779731928974,-0.00016750352923460327,0.001715617720592015,6.712893948522214e-06,-0.000511267561544016,-0.0005228592777574223,-0.0004459975017295808,-0.00046095082301359647,-0.0003312229807461605,-0.0003532902993748818,-0.0004625385341911721,-0.000385019960562954,-0.0003080159684503625,-0.0003534642009085697,-0.00013087883462171868,-0.000549267257266437,-0.0002364933133796778,0.00047959807814656585,0.001416369042174534,0.0004774579594135317,0.2273209428127064,-0.00019762509248338612,0.0001132695849708906,0.20426496080580572,0.055527819079678735,0.0001641632934202591,0.002096811601790311,0.25190935127501196,-4.018893918247348e-05,0.0
personahintsgeneratedcount,-0.00552405369391416,-0.0005189177552842559,0.004304942291264843,-0.00023031072085943324,0.03422137664550077,0.01842768872677322,0.0,0.0,-0.0006337519628110188,-5.3323171824597645e-05,0.0006220622427671692,0.001040248762783805,-0.00018887892608313036,-0.000132394578074201,0.0016816740079567706,0.0008346905181325004,-0.00012089374260579865,-0.00012089374260579865,0.0234852540128192,0.008749974794716562,0.0,0.007503281331582273,0.6502308524929126,0.4989125077416095,0.40523528877261716,0.42155258978803806,0.27181927081111074,0.09086272310640155,0.09553476637717459,0.10099058680774001,0.4062832442225771,0.12374128909348699,0.12866023913727453,0.13108702177614281,0.0910757195715959,0.09673752759692657,-0.002800568756854078,0.0079074127759486,-0.001939058348376446,0.008136007815716549,-0.00312978572937202,0.007948252372140594,0.028870248131319887,0.09207609674093395,0.06367447639934413,0.030946611074237105,0.019378518450806067,0.04184638462943571,0.1383500944912408,0.3824248871710998,0.10348354069953991,0.2639831615939517,0.11765293278272831,0.5108944560491213,0.11584322647245685,0.029424369894110895,-0.00045948690614812935,0.0
personahintacteduponcount,-0.006168666151376783,-0.0015423481765223864,0.004828008875370324,-0.00025718612214612596,0.041674721709563635,0.023110082331907617,0.0,0.0,-0.0001537051302830514,-5.9545555373733506e-05,-0.0006598069811563148,0.0001154440910128301,-0.0008843521784279899,-0.0002763727667818585,0.0011453518531333614,0.0009965397912860263,-0.00018750515309175583,-0.00018750515309175583,-0.00037627723289359303,0.0015528370426139612,0.0,-0.00019838824511778184,0.4989125077416095,0.6200833784068683,0.5066909022819718,0.5055759112295092,0.2568341127740082,0.1026726931132949,0.10271605108861766,0.09995214018556713,0.37028755096578075,0.17150910764996705,0.17315668983423702,0.16795120753886966,0.11578123573379545,0.12414495041421555,-0.0030807044777263824,0.009499562618238514,-0.0025405243124657626,0.009628411127892126,-0.0035877453477568175,0.00813492043988377,0.034896322885033,0.10298792132854406,0.0728614618182276,0.014095138093294487,0.008336964055939781,0.017599947638149923,0.08800865113559825,0.3888791821703262,0.06966135846333893,0.1993616867080349,0.09957711342259999,0.4810948442257397,0.06487155266006087,-0.00053464307165352,0.0009757828747508275,0.0
personahintacceptedcount,-0.005312372052038698,-0.0007646104106710202,0.0026295734420222817,-0.0002214852180250268,0.03890081048583172,0.022792194995184457,0.0,0.0,-0.0006222516185898794,-5.127982880382383e-05,-0.0012353770910159335,0.0004859081493334436,-0.00014085999665949762,0.00038014703326531244,0.0014404814231894372,0.001552780057930598,-0.00014580440043496384,-0.00014580440043496384,-0.0003240448756326715,0.0004844584786388157,0.0,-1.958111619372513e-06,0.40523528877261716,0.5066909022819718,0.6647770570228931,0.49637918781598495,0.2290364170890953,0.11878130860394165,0.12467754645849394,0.11283402622802881,0.3434992728737225,0.20062216014834833,0.2160665137819684,0.19804082620577454,0.1326231075324635,0.1391504677031884,-0.0019167510554561715,0.007117966131409862,-0.0014180346160444467,0.007097909242234827,-0.0030575281683849842,0.007178433757909934,0.035566175627243,0.07216682344061864,0.05570302315549865,0.01269118851898379,0.004657689516782426,0.012839512281044425,0.0912591021775952,0.38688336290172787,0.060114523120280414,0.17803495993719567,0.10920958593729907,0.436171859243895,0.048832175279053903,-0.00046042739904709866,-0.0004418793758627417,0.0
acceptpersonahintsnodescount,-0.006202152512803371,-0.0011530194861517212,0.004089467237968181,-0.00025858224688829256,0.03919119362476241,0.021530834853548404,0.0,0.0,-0.0006174649051881666,-5.9868796077584655e-05,-0.00017684213984284236,0.0007358245487501712,0.000672823068829934,0.000894842518261403,0.0016411969522502955,0.0013137162932091411,-0.00017285051014808269,-0.00017285051014808269,-0.0003783198390434594,0.0008575715878644685,0.0,-0.00021683924696625813,0.42155258978803806,0.5055759112295092,0.49637918781598495,0.5403645559060021,0.23826329645317587,0.10525604902963313,0.11028298922397871,0.10146076423698441,0.366110326087329,0.19159179614916821,0.20228344665771672,0.19360112299833357,0.13075589729047463,0.1351902073397577,-0.002413604685218959,0.008624416904903062,-0.0017922147143411868,0.008896463748222736,-0.003295642843380244,0.008549253125064942,0.03790971838114962,0.09294753501112044,0.07019036570068397,0.02167678466317537,0.014743545190296425,0.027007060221979778,0.08680932889236176,0.3836820751496707,0.08133203702610657,0.18152719748190976,0.10769641195366506,0.4395743879139693,0.06596126118051214,-0.000537545360526397,0.00037744222579509044,0.0
objecthintsgeneratedcount,-0.005258554685460181,-0.00021823758232114614,0.0016234838038017493,-0.00018789643154254292,0.02802346335101641,0.011499283618281363,0.0,0.0,-0.0004976666439951067,-5.076033481549182e-05,0.002493155794427998,0.0018285495730646006,0.004733810000679364,0.006107398774320678,0.0013494100742448398,0.0004749037192316692,-0.00011282353244946398,-0.00011282353244946398,0.0010584185255700508,0.010251394213667444,0.0,-0.00026392529782361124,0.27181927081111074,0.2568341127740082,0.2290364170890953,0.23826329645317587,0.6682129991041743,0.25179191198321105,0.2502598235059286,0.12954390406077135,0.33198106616496514,0.09709247585583916,0.09930757537908992,0.09027396104234567,0.07035718958932036,0.07421316061350475,-0.0016986925327650663,0.006788160399038513,0.0006134587836989573,0.007375882738246928,-0.0018477814124491958,0.006920027131920772,0.023473004762134743,0.06369172482787486,0.047097382703760536,0.033686216781719,0.020125880924193578,0.03470021943096933,0.04108893120024551,0.2021231396553691,0.03479969086261222,0.09601324785027583,0.059733328502211004,0.24477328980477753,0.04142476208038697,0.0002651723290192347,-0.0004374028851122195,0.0
objecthintacteduponcount,-0.0031788124525706485,0.00025116539560144047,0.003923743988841118,-0.00013253212730988828,0.021347469932450666,0.010382697485930712,0.0,0.0,0.00144077125907899,0.00015738530920842965,0.007783120093479716,0.012342245021080115,0.0258748814100231,0.028561932747658246,0.015181911902552692,0.006482807482040385,4.442815750144478e-05,4.442815750144478e-05,0.006012411202137253,0.004822384585372781,0.0,-0.0002637585193753426,0.09086272310640155,0.1026726931132949,0.11878130860394165,0.10525604902963313,0.25179191198321105,0.6615878763054363,0.5906436661236345,0.3252152336912321,0.13004482104233064,0.15078218544494956,0.136539771420022,0.10028724819535072,0.0876115057186629,0.09114751707951424,7.594928422327186e-05,0.003720251930208629,0.000549979074561078,0.004566519427136436,-0.0013055657641241405,0.00460173375083634,0.028039722653168415,0.022861233412809403,0.02780518474954818,0.019400084451595544,0.0019594907960896434,0.013368614820360027,0.027854146873730844,0.13548190112640573,0.01327151439366705,0.0380068146322407,0.06749890247131411,0.10546043712328677,0.012545050316028759,-0.0002755101365752354,-0.00020172135784669528,0.0
objecthintacceptedcount,-0.0032266501117515665,0.0005386776854844127,0.004118007230630239,-0.00013452659122726714,0.021856513126354695,0.011762651350453136,0.0,0.0,0.00012672877768230023,0.00010990601491120866,0.005562461370494572,0.006189308116050695,0.010140963055424335,0.010971347054361695,0.005011303056861179,0.00217147455503636,7.431908015681724e-05,7.431908015681724e-05,0.007388673834670742,0.005544168304643501,0.0,-0.00026772779731928974,0.09553476637717459,0.10271605108861766,0.12467754645849394,0.11028298922397871,0.2502598235059286,0.5906436661236345,0.6415998246278676,0.3500239007271281,0.13577128629650645,0.1376373406336687,0.13154610414016438,0.09680164912062302,0.08465551983478889,0.08780599665356173,-0.0009189197750965301,0.0031462005112851297,-4.900977516781953e-05,0.003666410738137552,-0.0012890448728006358,0.004488374758862248,0.027383105340538165,0.020639389310161002,0.02632453673892709,0.01856618484156817,0.002496348410437641,0.01542910679209233,0.026761012886063903,0.132821904740934,0.01589910688107192,0.03900431554881112,0.06482248516333897,0.10736902978970145,0.014643597740048512,-0.0002796562635364882,-0.00023704547531148236,0.0
acceptobjecthintsnodescount,-0.002018749217433889,0.0002846031235483176,0.002668648232395721,-8.416637731342753e-05,0.014707965133003842,0.007464532975019954,0.0,0.0,-0.000213273528654845,0.0002626183344609983,0.0019375138669586293,0.0018481157062166197,0.003028614090926611,0.001814198766557567,0.0004997080220268196,0.00037689325697053003,0.00011103490113833506,0.00011103490113833506,0.007462353556505274,0.004120057205489181,0.0,-0.00016750352923460327,0.10099058680774001,0.09995214018556713,0.11283402622802881,0.10146076423698441,0.12954390406077135,0.3252152336912321,0.3500239007271281,0.36399937835408824,0.1260752269807642,0.10166782668077701,0.09693423135515482,0.07117559354107718,0.06116467714739872,0.06343569559305028,-0.0006394000783011739,0.0024151580090876193,0.0003158749422804784,0.003077382418061047,-0.00034660737150985963,0.004008527127102374,0.03535064972985396,0.015046127963937428,0.028702435853175806,0.013268828990464034,0.0013376469127340976,0.010458387637218926,0.025662367104024225,0.1159273206364217,0.010138391621587965,0.04215722870842116,0.04750405021215985,0.11082189460257304,0.0077011016948555925,-0.00017496655776485942,-0.00016791814193073157,0.0
recordhintsgeneratedcount,-0.006900582336844519,-0.0006853967883366675,0.0029229522068070506,-0.0002877014200820353,0.03924774232616359,0.020830592081456253,0.0,0.0,-0.0005911257002969883,2.7424370111242364e-05,0.0005018758962306088,0.0013991373160509143,0.0006820924135730625,0.0011829079525707404,0.0008354784787540408,-0.00011088433384998389,-0.000162735237605529,-0.000162735237605529,-0.00042092276731213853,0.006054423405563434,0.0,0.001715617720592015,0.4062832442225771,0.37028755096578075,0.3434992728737225,0.366110326087329,0.33198106616496514,0.13004482104233064,0.13577128629650645,0.1260752269807642,0.4865408419215106,0.19114808343849246,0.1953258150385029,0.1832467493562663,0.13063520839798048,0.13462831404515022,-0.002237881115410571,0.01034262988482403,-0.000554064778108102,0.01031463615912651,-0.0029572682848731974,0.012426606914807068,0.04324019805319475,0.09728885121526692,0.07641668119297146,0.029594004699628085,0.017854838161802045,0.0329012952614105,0.08348788254923853,0.3485542431460624,0.07909368996266022,0.1693220684164186,0.11646574950516402,0.39459402697032275,0.07410060210895753,0.006689637074627198,-0.00027620795332268104,0.0
recordhintacteduponcount,-0.007096716739486193,-0.001716419927384418,0.007176786605812667,-0.0002488612002801463,0.04596447807396193,0.028460004342792975,0.0,0.0,7.55896912214239e-05,0.00016658366872098528,0.004624771282823877,0.004166328522748745,0.0035224927272204964,0.003681448308328387,0.003124008415849753,0.0019662788508705044,-0.00015302450719006,-0.00015302450719006,-0.0004015415887573714,0.0030143008648357613,0.0,6.712893948522214e-06,0.12374128909348699,0.17150910764996705,0.20062216014834833,0.19159179614916821,0.09709247585583916,0.15078218544494956,0.1376373406336687,0.10166782668077701,0.19114808343849246,0.4110294132677056,0.3911872335370711,0.31942596836851694,0.2529779425490554,0.24215492416922682,0.005374846178014284,0.015800196699435214,0.006479784100715374,0.015972841131353457,-0.003144994499236588,0.02286206386631977,0.07966351076009158,0.06770786137519431,0.07823086276587438,0.021927766823544925,0.0015216472621759774,0.010593584044099224,0.06626271752416257,0.3245711178847597,0.08790618849932624,0.07389923715100553,0.1893685630448622,0.200032334042705,0.03837339243340597,-0.00031730029623521855,-0.0005902999136356361,0.0
recordhintacceptedcount,-0.0069173255175578,-0.001807223055319458,0.007114381008831274,-0.00022570945330225596,0.04576386939118249,0.028582484814081786,0.0,0.0,-3.1543969719893326e-05,0.00012129779348561222,0.004880900240844311,0.004138566174515526,0.003200328346138498,0.0033279300702201155,0.00339509585325061,0.0018735510161304477,-0.00013189915520211848,-0.00013189915520211848,-0.0003749265485239245,0.0032383707803734646,0.0,-0.000511267561544016,0.12866023913727453,0.17315668983423702,0.2160665137819684,0.20228344665771672,0.09930757537908992,0.136539771420022,0.13154610414016438,0.09693423135515482,0.1953258150385029,0.3911872335370711,0.41390605706808486,0.33224228665531763,0.25961581567069264,0.2489103068310264,0.005156133313959111,0.015656867202747997,0.006684648212973774,0.015927723999555422,-0.002873907061835764,0.023055990603728718,0.07232267237398932,0.065358963043547,0.07205633922767038,0.022053605215549894,0.0014048045901846181,0.010538431467440042,0.07036588810473543,0.3376100795050248,0.09247534150307933,0.07687819621347468,0.19448396066142806,0.20664732732273006,0.04120816207084139,-0.00030175232013052373,-0.0005753782778005624,0.0
acceptrecordhintsnodescount,-0.006490374409368323,-0.001560055184379999,0.006962721186558113,-0.00025492638470279007,0.04059846034626558,0.02487217032490385,0.0,0.0,0.0002902261854276991,0.00012541911245971492,0.005148826502060798,0.004817249332032765,0.004770661405907524,0.005027383545006844,0.0037142958026800347,0.002057209457472203,-8.757637024015034e-05,-8.757637024015034e-05,-0.00038022833468853983,0.003259793091336264,0.0,-0.0005228592777574223,0.13108702177614281,0.16795120753886966,0.19804082620577454,0.19360112299833357,0.09027396104234567,0.10028724819535072,0.09680164912062302,0.07117559354107718,0.1832467493562663,0.31942596836851694,0.33224228665531763,0.3175158353962855,0.2104232004794924,0.19553978982263515,0.005799437088693652,0.014018372847355255,0.006006503708088423,0.014199181072034781,-0.0028838297654483723,0.01850985671019122,0.06979583961419372,0.06511792520166974,0.07172733373710231,0.01892897119630136,0.0015235469153701802,0.00987336273677165,0.06279105857322438,0.3017237096438775,0.09585815371833585,0.07821160685537358,0.15473433654406593,0.20429239991333423,0.04698729320799394,-0.0005625257754679457,-0.0005398647845130738,0.0
acceptrecordhintsrecordcount,-0.006886231039090211,-0.0017903634490030967,0.007224764761712857,-0.00022441305175595935,0.040455403000566215,0.02390530604434513,0.0,0.0,-0.000884936025808719,0.00012159794556775984,0.004396610014395621,0.003313977419625638,0.004244069631390419,0.0030340735674649444,0.0026939833278664185,0.0015398487104111578,-8.393647359093215e-05,-8.393647359093215e-05,-0.0003730298428133352,0.0016909428614525774,0.0,-0.0004459975017295808,0.0910757195715959,0.11578123573379545,0.1326231075324635,0.13075589729047463,0.07035718958932036,0.0876115057186629,0.08465551983478889,0.06116467714739872,0.13063520839798048,0.2529779425490554,0.25961581567069264,0.2104232004794924,0.2255962291576579,0.19819541926549802,0.007589464033316581,0.018112876843585764,0.008989954981220809,0.0182720335904508,-0.0025719791208061228,0.02477136908690017,0.06957265639997899,0.059300732471638876,0.06607348883002277,0.02340277408738495,0.002723401916271391,0.010658222114300439,0.03938896633705034,0.213239650769349,0.08116251029498917,0.049543458833545884,0.1557697561005589,0.13446121972489172,0.03561879828046023,-4.829722100225737e-05,-0.0005727918609224795,0.0
acceptrecordhintsdbidcount,-0.006122024433675409,-0.0015170587670478165,0.006043642492969644,-0.0001925514906758184,0.03683868732753855,0.023154778710418697,0.0,0.0,-0.0006893491182497969,8.195723833893103e-05,0.004271532810036011,0.0034470968330472026,0.004019503801733356,0.003130443018219702,0.002585611723803951,0.0016244068574226254,-0.00013906989160655038,-0.00013906989160655038,-0.0003107421451768405,0.00228783408533736,0.0,-0.00046095082301359647,0.09673752759692657,0.12414495041421555,0.1391504677031884,0.1351902073397577,0.07421316061350475,0.09114751707951424,0.08780599665356173,0.06343569559305028,0.13462831404515022,0.24215492416922682,0.2489103068310264,0.19553978982263515,0.19819541926549802,0.209389736578383,0.0051848449975421445,0.01757971537369936,0.007366672588799852,0.017972007758851747,-0.001912397867770506,0.02448412207054306,0.057586958893299206,0.054115915720814624,0.05730473316091576,0.019833275628235853,0.0028782553370487567,0.010256830110336878,0.039560696312174966,0.20892166463493883,0.07085654759766688,0.04985097643164051,0.16038177435862247,0.13495403972331868,0.03261827837529797,-0.00040522053956457555,-0.0005092256922650523,0.0
searchcountin2hours,-0.006636279269870051,-0.0023287559654471147,0.0017767706370341511,-0.0002610094996507962,0.022171729797293094,0.010045202260037505,0.0,0.0,0.0002342193297655029,0.00040611583771467917,0.012151951302858505,0.008487553204787352,0.013895177856911752,0.007453895506629048,0.021440921865667026,0.011659422859686993,-0.0001076838578840499,-0.0001076838578840499,-0.0004048007687721094,0.0003457270564014798,0.0,-0.0003312229807461605,-0.002800568756854078,-0.0030807044777263824,-0.0019167510554561715,-0.002413604685218959,-0.0016986925327650663,7.594928422327186e-05,-0.0009189197750965301,-0.0006394000783011739,-0.002237881115410571,0.005374846178014284,0.005156133313959111,0.005799437088693652,0.007589464033316581,0.0051848449975421445,0.21697691606626907,0.10446417464108475,0.15246893354596147,0.095564278056937,0.012977767930300537,0.036724278540147766,0.03558458708368621,0.019064430174847696,0.02886935185067516,0.02667457842010354,0.018147014107645507,0.014501279230243542,0.00036302755714295187,-0.0017173049093418564,0.04358722789735712,-0.0004820589813470747,0.012013385185327647,-0.0032558247958868634,0.012517098346349101,-2.663370762971051e-05,-0.0004266209900238794,0.0
searchdbcountin2hours,-0.005013386682158101,-0.0019503344382186944,0.0026143749883503786,-0.0001933473112536867,0.017570527084755885,0.009105263487987058,0.0,0.0,0.0004634412010503294,0.0003120739165265985,0.009415203426371513,0.005355580688191629,0.00990114178741209,0.0057778477536589755,0.017287920144490418,0.0107181513337923,-4.268128220829309e-05,-4.268128220829309e-05,-0.00025878979885998396,0.007821725742710024,0.0,-0.0003532902993748818,0.0079074127759486,0.009499562618238514,0.007117966131409862,0.008624416904903062,0.006788160399038513,0.003720251930208629,0.0031462005112851297,0.0024151580090876193,0.01034262988482403,0.015800196699435214,0.015656867202747997,0.014018372847355255,0.018112876843585764,0.01757971537369936,0.10446417464108475,0.1231011735135357,0.08089584285490313,0.11041424459963323,0.004734241807029984,0.03982357918329088,0.02754734944413432,0.016914083182412037,0.022237736482389255,0.019587855615084117,0.010251331088393231,0.013165524847618272,0.0021401818582951868,0.008443612855825322,0.03958195503779678,0.003544459094535157,0.02036718502209117,0.00690387664103908,0.013947141256292234,-0.00013673646707266837,-0.0003073024317902683,0.0
contentviewcountin2hours,-0.006141159497347758,-0.002154334200904991,0.002272179999822282,-0.00011498673980418836,0.019796277585697603,0.009416568111288407,0.0,0.0,0.0014524946295608049,0.0012415380686562779,0.0161720352676181,0.00953997654867078,0.01595619693696508,0.0073752794865990364,0.022665567414439883,0.012588335586755768,-6.128899193599458e-05,-6.128899193599458e-05,-0.0003745993778419156,0.00252639554972495,0.0,-0.0004625385341911721,-0.001939058348376446,-0.0025405243124657626,-0.0014180346160444467,-0.0017922147143411868,0.0006134587836989573,0.000549979074561078,-4.900977516781953e-05,0.0003158749422804784,-0.000554064778108102,0.006479784100715374,0.006684648212973774,0.006006503708088423,0.008989954981220809,0.007366672588799852,0.15246893354596147,0.08089584285490313,0.2812549020183472,0.07995719827378601,0.3103030936658909,0.04326145972630013,0.028286290465567243,0.017481323457932938,0.024323670395873583,0.05799139368285508,0.0309054298155686,0.042353947940938115,6.128555320510673e-05,-0.001646142338520277,0.040681681072583784,-0.0006699993795203169,0.012666691245732642,-0.0033916978958819827,0.014017519305223172,-0.00015611887374562586,-0.0003384197532559182,0.0
contentviewdbcountin2hours,-0.004640252940547075,-0.0017793641769976542,0.0026381619180487577,-0.00017779049269812402,0.016198491880606885,0.007864238772728249,0.0,0.0,-7.598146091948412e-05,0.000362693263375517,0.009230150825276699,0.005349867728061788,0.009449201176206462,0.005401743685428095,0.01714965368779442,0.01049079792150001,-3.133936523182403e-05,-3.133936523182403e-05,-0.00022035682304516712,0.008231997041084054,0.0,-0.000385019960562954,0.008136007815716549,0.009628411127892126,0.007097909242234827,0.008896463748222736,0.007375882738246928,0.004566519427136436,0.003666410738137552,0.003077382418061047,0.01031463615912651,0.015972841131353457,0.015927723999555422,0.014199181072034781,0.0182720335904508,0.017972007758851747,0.095564278056937,0.11041424459963323,0.07995719827378601,0.11340725800088222,0.0051445131054040395,0.04396766083653381,0.02676983273955471,0.016684990017911964,0.021737767362438314,0.01733134099946413,0.008913103521385649,0.011249096050371412,0.001965250915957435,0.009039874791956835,0.037577157734086514,0.0033651179798283685,0.02020446624126918,0.007313220955814132,0.013247844135195428,-0.0004021743152415007,-0.00027626542925330373,0.0
contentimageviewcountin2hours,-0.00371220235243767,-0.001088099685640991,0.001684237336213136,0.00020569726762879255,0.0004364601816005282,0.0010097560622223392,0.0,0.0,0.00284489768240694,0.0012022945348454824,0.002676099470991459,0.0020042461242730965,0.00842761784470472,0.0009267298698232458,0.005234627504666144,0.002092290407538194,-3.1299819826573655e-06,-3.1299819826573655e-06,-0.0002264374817568274,-0.0010970654395710698,0.0,-0.0003080159684503625,-0.00312978572937202,-0.0035877453477568175,-0.0030575281683849842,-0.003295642843380244,-0.0018477814124491958,-0.0013055657641241405,-0.0012890448728006358,-0.00034660737150985963,-0.0029572682848731974,-0.003144994499236588,-0.002873907061835764,-0.0028838297654483723,-0.0025719791208061228,-0.001912397867770506,0.012977767930300537,0.004734241807029984,0.3103030936658909,0.0051445131054040395,0.7286305463837716,0.008302047673709349,-0.00198005268745856,-0.0009453346320673395,-0.001247531776601096,0.0001735704330226953,-0.0014643201794748793,-0.0014605545235244475,-0.0008162893778819555,-0.0038234868071893072,-0.00047772151357403667,-0.001457985545924472,-0.0017877168543344098,-0.003524717094860362,-0.0012376021955267159,-0.00032173945219320164,-0.0002617608623507062,0.0
contentimageviewdbcountin2hours,-0.004259943550058956,-0.0014791231790941748,0.0016156636385060033,-0.00014626199726723953,0.01751473048292536,0.009610277963027538,0.0,0.0,0.00035827498542652814,0.0008208670655701595,0.00840650158079124,0.0038096461609725247,0.004767842629070567,0.003960813999104513,0.010496198693989552,0.006755362766284823,8.99282165466655e-05,8.99282165466655e-05,-0.00022850366777567107,0.008145322600832205,0.0,-0.0003534642009085697,0.007948252372140594,0.00813492043988377,0.007178433757909934,0.008549253125064942,0.006920027131920772,0.00460173375083634,0.004488374758862248,0.004008527127102374,0.012426606914807068,0.02286206386631977,0.023055990603728718,0.01850985671019122,0.02477136908690017,0.02448412207054306,0.036724278540147766,0.03982357918329088,0.04326145972630013,0.04396766083653381,0.008302047673709349,0.12292186924237439,0.017068146186331366,0.014239256533097872,0.013723162221499557,0.014502484751044832,0.004303424828446921,0.007395219950171017,0.001980149708794437,0.012606994631823236,0.028825370728189744,0.0033143387319929754,0.022524519024452214,0.007918205969724175,0.010798163232940822,-0.00036921260589954424,-0.00010357899569349829,0.0
familytreeviewin2hours,-0.007432776295231999,-0.0017889258138665722,0.004304423534147408,-0.00030988983116288785,0.03317997615349181,0.015878845633032396,0.0,0.0,0.00023344856279841297,-7.174789194411658e-05,0.008529079073415923,0.00421060488484366,0.010411316323779738,0.009892400287860752,0.011263215970661307,0.007347440749415241,2.4830584524106524e-05,2.4830584524106524e-05,-0.00045338561505112054,0.012407309002664627,0.0,-0.00013087883462171868,0.028870248131319887,0.034896322885033,0.035566175627243,0.03790971838114962,0.023473004762134743,0.028039722653168415,0.027383105340538165,0.03535064972985396,0.04324019805319475,0.07966351076009158,0.07232267237398932,0.06979583961419372,0.06957265639997899,0.057586958893299206,0.03558458708368621,0.02754734944413432,0.028286290465567243,0.02676983273955471,-0.00198005268745856,0.017068146186331366,0.3403698663872416,-0.0016188957999209023,0.18128690068653938,0.03915914342473041,0.013914518261943119,0.02478094963678903,0.006922557300986413,0.04856009699590888,0.07573663654364436,0.012094578779784931,0.05114536042539828,0.03107294366099588,0.030838786228386383,-0.0006442044766046222,-0.0005869080968579111,0.0
pedigreetreeviewin2hours,-0.007186412350450384,-0.002188211103911504,0.006753486692959562,-0.0002212558055498002,0.035156717343101315,0.01771795039057004,0.0,0.0,-0.0013754041779286403,2.466527981765478e-05,-0.00037744296266599577,0.00018372033849779868,-0.0004696395134832255,-0.0007181647006304918,0.0028474121315599033,0.0017305376370616474,-3.0370871238446915e-05,-3.0370871238446915e-05,-0.00023461527506535122,0.004806475542524402,0.0,-0.000549267257266437,0.09207609674093395,0.10298792132854406,0.07216682344061864,0.09294753501112044,0.06369172482787486,0.022861233412809403,0.020639389310161002,0.015046127963937428,0.09728885121526692,0.06770786137519431,0.065358963043547,0.06511792520166974,0.059300732471638876,0.054115915720814624,0.019064430174847696,0.016914083182412037,0.017481323457932938,0.016684990017911964,-0.0009453346320673395,0.014239256533097872,-0.0016188957999209023,0.2464204730962639,0.13150932912388674,0.030845194303403756,0.012002285944502724,0.021474371629172092,0.017436534233687802,0.09119209408493872,0.06265355256730287,0.03854930562466066,0.047623327014375584,0.09062196306485577,0.03881319972828263,-0.0004974718644524421,-0.00029998309308656865,0.0
totaltreeviewin2hours,-0.0066279076795134045,-0.0015562639835715443,0.005479883932476917,-0.0002606604684652539,0.033230501672112174,0.014021182044870498,0.0,0.0,-0.0004373842177159363,-1.696104887768816e-05,0.002361273096009442,0.0022671977700069847,0.0061241331125831385,0.006169805599420145,0.007058897085888328,0.0042022959285139706,2.2781592159734014e-06,2.2781592159734014e-06,-0.00026323755164519896,0.007654452362821526,0.0,-0.0002364933133796778,0.06367447639934413,0.0728614618182276,0.05570302315549865,0.07019036570068397,0.047097382703760536,0.02780518474954818,0.02632453673892709,0.028702435853175806,0.07641668119297146,0.07823086276587438,0.07205633922767038,0.07172733373710231,0.06607348883002277,0.05730473316091576,0.02886935185067516,0.022237736482389255,0.024323670395873583,0.021737767362438314,-0.001247531776601096,0.013723162221499557,0.18128690068653938,0.13150932912388674,0.20171529094290794,0.03851611941531634,0.016161392395507297,0.027751482089207306,0.013200863948124772,0.07339556304414202,0.07271591753322214,0.0271836284914695,0.05098283961722617,0.06334549104991406,0.03792799253398081,-0.0005744458904815475,-0.0005356321980322565,0.0
personoverviewin2hours,-0.006119632550716342,-0.001123949192061355,0.006232970173434173,-0.0002394692893430963,0.032515833669551554,0.013738697670798838,0.0,0.0,0.004389204461795958,0.00097531324236044,0.016058583675533634,0.00401177279781719,0.004631451263205289,0.004556942807225789,0.004985030170351463,0.002894733244236127,-0.00015466969429826294,-0.00015466969429826294,-0.0003576137666007108,0.006160468216930163,0.0,0.00047959807814656585,0.030946611074237105,0.014095138093294487,0.01269118851898379,0.02167678466317537,0.033686216781719,0.019400084451595544,0.01856618484156817,0.013268828990464034,0.029594004699628085,0.021927766823544925,0.022053605215549894,0.01892897119630136,0.02340277408738495,0.019833275628235853,0.02667457842010354,0.019587855615084117,0.05799139368285508,0.01733134099946413,0.0001735704330226953,0.014502484751044832,0.03915914342473041,0.030845194303403756,0.03851611941531634,0.34919352999186615,0.12180260826863737,0.29396253823281054,0.007228900326857805,0.017124438456657662,0.07940068438241173,0.016594976569963893,0.02237184698717863,0.016441063150838292,0.07423043090253918,0.0023690205567091734,-0.0002425941132294115,0.0
personoverviewtreesin2hours,-0.0033295010789904946,-0.0006768542439299426,0.0019011247254118698,-7.612465949877078e-05,0.009466330722897874,0.008886841442315909,0.0,0.0,0.004502270916020625,0.00020294824790424802,0.008890731383825722,0.007266358422464739,0.0057373874003596075,0.0028243458616070724,0.009788540053105128,0.006335014758278916,-3.85147684853233e-05,-3.85147684853233e-05,-0.0002030934114726156,0.005556963085421855,0.0,0.001416369042174534,0.019378518450806067,0.008336964055939781,0.004657689516782426,0.014743545190296425,0.020125880924193578,0.0019594907960896434,0.002496348410437641,0.0013376469127340976,0.017854838161802045,0.0015216472621759774,0.0014048045901846181,0.0015235469153701802,0.002723401916271391,0.0028782553370487567,0.018147014107645507,0.010251331088393231,0.0309054298155686,0.008913103521385649,-0.0014643201794748793,0.004303424828446921,0.013914518261943119,0.012002285944502724,0.016161392395507297,0.12180260826863737,0.2542477148089473,0.17659834266503446,0.0014717095209145718,0.003335555210349541,0.030330520187663877,0.006171824380077483,0.0034182490739702674,0.005828050522822652,0.0395077926655192,0.0003383298550054626,-0.0001985830246604445,0.0
personoverviewnodesin2hours,-0.004823231986914042,-0.0009068810238671458,0.00401517173768032,-0.00016974680989438712,0.02086162761025136,0.01084027098396109,0.0,0.0,0.0063305083014449275,0.0002042019109380292,0.011463962448300138,0.004405236070838279,0.004378943534437768,0.002980775694874774,0.0050435360008776456,0.0031378048498122216,-0.00013093631055234933,-0.00013093631055234933,-0.0002942082358006732,0.008005639878255902,0.0,0.0004774579594135317,0.04184638462943571,0.017599947638149923,0.012839512281044425,0.027007060221979778,0.03470021943096933,0.013368614820360027,0.01542910679209233,0.010458387637218926,0.0329012952614105,0.010593584044099224,0.010538431467440042,0.00987336273677165,0.010658222114300439,0.010256830110336878,0.014501279230243542,0.013165524847618272,0.042353947940938115,0.011249096050371412,-0.0014605545235244475,0.007395219950171017,0.02478094963678903,0.021474371629172092,0.027751482089207306,0.29396253823281054,0.17659834266503446,0.36799187018779494,0.007311722406016075,0.015367755166129352,0.0743951660077821,0.020194617224747167,0.010039263571786973,0.020786596712799862,0.08950975026132911,0.0006476972446963817,-0.00015043293221564304,0.0
dbcitationcountin2hours,-0.001427954126549802,-0.00044512234471756016,0.0006127251059007673,-5.953474793378699e-05,0.0068947794784642025,0.004687218881446833,0.0,0.0,-0.00012831501511807917,3.323361470606397e-05,-3.8974575930318854e-05,0.00034887595140405657,-0.0002729222459553433,-0.00018007061690317858,-0.00020506159366103744,-0.00025865789896791766,-4.340464381379559e-05,-4.340464381379559e-05,-8.710256224795548e-05,0.0003434761614090118,0.0,0.2273209428127064,0.1383500944912408,0.08800865113559825,0.0912591021775952,0.08680932889236176,0.04108893120024551,0.027854146873730844,0.026761012886063903,0.025662367104024225,0.08348788254923853,0.06626271752416257,0.07036588810473543,0.06279105857322438,0.03938896633705034,0.039560696312174966,0.00036302755714295187,0.0021401818582951868,6.128555320510673e-05,0.001965250915957435,-0.0008162893778819555,0.001980149708794437,0.006922557300986413,0.017436534233687802,0.013200863948124772,0.007228900326857805,0.0014717095209145718,0.007311722406016075,0.8433949324447602,0.10691544178077537,0.02752384670098189,0.7782904322941181,0.24827243895295922,0.10773082407057266,0.024250266755004926,0.8789471718781899,-0.00011877622124721062,0.0
hintsdbcitationcountin2hours,-0.00710389238836336,-0.001328497923572205,0.0068282186664471,-0.0002805053844431841,0.04304111665817875,0.028482061836476277,0.0,0.0,-0.0006003117786277926,7.247935912957979e-05,0.0014236036407241203,0.0014222426401617587,0.0007619724128295702,0.00024826433484675145,0.0019283233674024162,0.0014308537135626768,-0.00013757011369035308,-0.00013757011369035308,-0.0004333243046506249,0.002461188615184762,0.0,-0.00019762509248338612,0.3824248871710998,0.3888791821703262,0.38688336290172787,0.3836820751496707,0.2021231396553691,0.13548190112640573,0.132821904740934,0.1159273206364217,0.3485542431460624,0.3245711178847597,0.3376100795050248,0.3017237096438775,0.213239650769349,0.20892166463493883,-0.0017173049093418564,0.008443612855825322,-0.001646142338520277,0.009039874791956835,-0.0038234868071893072,0.012606994631823236,0.04856009699590888,0.09119209408493872,0.07339556304414202,0.017124438456657662,0.003335555210349541,0.015367755166129352,0.10691544178077537,0.4939508226240356,0.07269599549142294,0.18703588545245678,0.17008486366842637,0.46888662595178815,0.05480891554315357,-0.0006156998537460097,-0.0002931191406024384,0.0
searchdbcitationcountin2hours,-0.006379151851772731,-0.0021423224682754873,0.012616284363328076,-0.00023461674880716476,0.039128128037073266,0.018731451476357464,0.0,0.0,-0.0005096700254210428,0.00012649273336893578,0.00652694752301783,0.004588144377598237,0.0013091572729172483,0.00026129442306756505,0.005885316445238644,0.0027081155293381125,-0.00011554062110144101,-0.00011554062110144101,-0.0003107539351113327,0.0029075400605725614,0.0,0.0001132695849708906,0.10348354069953991,0.06966135846333893,0.060114523120280414,0.08133203702610657,0.03479969086261222,0.01327151439366705,0.01589910688107192,0.010138391621587965,0.07909368996266022,0.08790618849932624,0.09247534150307933,0.09585815371833585,0.08116251029498917,0.07085654759766688,0.04358722789735712,0.03958195503779678,0.040681681072583784,0.037577157734086514,-0.00047772151357403667,0.028825370728189744,0.07573663654364436,0.06265355256730287,0.07271591753322214,0.07940068438241173,0.030330520187663877,0.0743951660077821,0.02752384670098189,0.07269599549142294,0.3953875774945579,0.05725976512266411,0.07659816905824957,0.06741635819248724,0.32285292799346027,0.0006382245235833839,-0.0005149408630076111,0.0
dbcitationnodescountin2hours,-0.002582037654288959,-0.00047531784068051343,0.0018866373521637303,-0.00010765118994057499,0.01452854812059377,0.007816865587841379,0.0,0.0,-0.00038466306942108746,2.209335473404913e-05,-0.00041204027979438375,0.00043762468325475286,-0.0002596988519336652,-0.0002002250186613919,0.0003600252994505676,-4.347317280799336e-05,-4.7139596809814856e-05,-4.7139596809814856e-05,-0.0001574995241987704,0.00048540535775229703,0.0,0.20426496080580572,0.2639831615939517,0.1993616867080349,0.17803495993719567,0.18152719748190976,0.09601324785027583,0.0380068146322407,0.03900431554881112,0.04215722870842116,0.1693220684164186,0.07389923715100553,0.07687819621347468,0.07821160685537358,0.049543458833545884,0.04985097643164051,-0.0004820589813470747,0.003544459094535157,-0.0006699993795203169,0.0033651179798283685,-0.001457985545924472,0.0033143387319929754,0.012094578779784931,0.03854930562466066,0.0271836284914695,0.016594976569963893,0.006171824380077483,0.020194617224747167,0.7782904322941181,0.18703588545245678,0.05725976512266411,0.7635010372767151,0.23493729772159827,0.2325985384879866,0.061697144730515664,0.7894981825179832,-0.00021477207845286813,0.0
dbcitationdatabasecountin2hours,-0.005287257280968724,-0.001377893327847206,0.004868274203503329,-0.00018909310989297112,0.031234572118501353,0.01907897207654281,0.0,0.0,-0.0009601039812486125,9.001516731350772e-05,0.0029160813768611244,0.0012744233890476997,0.0010264621537667343,-0.00018089615794090536,0.0010960244866053141,0.00091916687247348,-0.0001136959876015008,-0.0001136959876015008,-0.0002754953991571246,0.0013781296177841976,0.0,0.055527819079678735,0.11765293278272831,0.09957711342259999,0.10920958593729907,0.10769641195366506,0.059733328502211004,0.06749890247131411,0.06482248516333897,0.04750405021215985,0.11646574950516402,0.1893685630448622,0.19448396066142806,0.15473433654406593,0.1557697561005589,0.16038177435862247,0.012013385185327647,0.02036718502209117,0.012666691245732642,0.02020446624126918,-0.0017877168543344098,0.022524519024452214,0.05114536042539828,0.047623327014375584,0.05098283961722617,0.02237184698717863,0.0034182490739702674,0.010039263571786973,0.24827243895295922,0.17008486366842637,0.07659816905824957,0.23493729772159827,0.23622671643357154,0.11108786520840666,0.034900923415719286,0.2220756802958859,-0.0004397903468458282,0.0
createnodesfromhintsin2hours,-0.006143551380306773,-0.0006667429013655497,0.005170336255037789,-0.00025613902858949997,0.0362026343625134,0.023362003757058082,0.0,0.0,-0.0010244227407241247,3.4731918880450194e-05,-0.0002540777550433539,0.00074723425784993,3.220985539478359e-05,7.158946469944972e-05,0.001647210310085894,0.0010995344483515546,-0.00013972423297057803,-0.00013972423297057803,-0.00037474527828119383,0.0019606604558402127,0.0,0.0001641632934202591,0.5108944560491213,0.4810948442257397,0.436171859243895,0.4395743879139693,0.24477328980477753,0.10546043712328677,0.10736902978970145,0.11082189460257304,0.39459402697032275,0.200032334042705,0.20664732732273006,0.20429239991333423,0.13446121972489172,0.13495403972331868,-0.0032558247958868634,0.00690387664103908,-0.0033916978958819827,0.007313220955814132,-0.003524717094860362,0.007918205969724175,0.03107294366099588,0.09062196306485577,0.06334549104991406,0.016441063150838292,0.005828050522822652,0.020786596712799862,0.10773082407057266,0.46888662595178815,0.06741635819248724,0.2325985384879866,0.11108786520840666,0.5687463296122452,0.06263199123336233,-0.0005324663549988643,8.453898836794708e-05,0.0
createnodesfromsearchin2hours,-0.004006403956400194,-0.0012319449919620446,0.008738906748093326,-0.0001356913385051259,0.025800094662464673,0.010392939745892624,0.0,0.0,-0.0002612261396969992,8.344080509520644e-06,0.015317515553420343,0.006648716913882896,0.002085767135035991,0.0005605072404343248,0.0036678925855283652,0.0013917796600601401,-9.043518372960603e-05,-9.043518372960603e-05,-0.00024438323578781157,0.00011023343121685832,0.0,0.002096811601790311,0.11584322647245685,0.06487155266006087,0.048832175279053903,0.06596126118051214,0.04142476208038697,0.012545050316028759,0.014643597740048512,0.0077011016948555925,0.07410060210895753,0.03837339243340597,0.04120816207084139,0.04698729320799394,0.03561879828046023,0.03261827837529797,0.012517098346349101,0.013947141256292234,0.014017519305223172,0.013247844135195428,-0.0012376021955267159,0.010798163232940822,0.030838786228386383,0.03881319972828263,0.03792799253398081,0.07423043090253918,0.0395077926655192,0.08950975026132911,0.024250266755004926,0.05480891554315357,0.32285292799346027,0.061697144730515664,0.034900923415719286,0.06263199123336233,0.6294097427118919,-3.3787987250584845e-05,-0.00030190485240794623,0.0
createnodesfromotherin2hours,-0.0005046873043584752,-0.00027364437944267175,-0.0002653521255201661,-2.1041594328357003e-05,-0.0002685624264315162,-0.000527842244443621,0.0,0.0,-0.00013951717224614866,-4.871699179471796e-06,-0.0002796562635364881,-9.82632089816862e-05,-0.00015185189995587604,-6.364304885522729e-05,-0.000321739452193201,-0.00018004556329239332,-1.534066975663467e-05,-1.534066975663467e-05,-3.078499268730076e-05,-0.0003217394521932017,0.0,0.25190935127501196,0.029424369894110895,-0.00053464307165352,-0.00046042739904709866,-0.000537545360526397,0.0002651723290192347,-0.0002755101365752354,-0.0002796562635364882,-0.00017496655776485942,0.006689637074627198,-0.00031730029623521855,-0.00030175232013052373,-0.0005625257754679457,-4.829722100225737e-05,-0.00040522053956457555,-2.663370762971051e-05,-0.00013673646707266837,-0.00015611887374562586,-0.0004021743152415007,-0.00032173945219320164,-0.00036921260589954424,-0.0006442044766046222,-0.0004974718644524421,-0.0005744458904815475,0.0023690205567091734,0.0003383298550054626,0.0006476972446963817,0.8789471718781899,-0.0006156998537460097,0.0006382245235833839,0.7894981825179832,0.2220756802958859,-0.0005324663549988643,-3.3787987250584845e-05,0.9775759179537017,-4.197953548268292e-05,0.0
age,-0.00048435629920659003,0.0008031097048673355,-0.00011361001932920061,-2.019394716347055e-05,-0.0003078064514895831,-0.00037614754361423215,0.0,0.0,-0.00013389681222675544,-4.675445894990663e-06,-0.0002683904898869141,-9.430473847768563e-05,-0.0001457346433225817,-6.10792293515808e-05,-0.0003087783842138536,-0.00017279254297018933,-1.4722680690609012e-05,-1.4722680690609012e-05,-2.9544838953451452e-05,-0.0003087783842138536,0.0,-4.018893918247348e-05,-0.00045948690614812935,0.0009757828747508275,-0.0004418793758627417,0.00037744222579509044,-0.0004374028851122195,-0.00020172135784669528,-0.00023704547531148236,-0.00016791814193073157,-0.00027620795332268104,-0.0005902999136356361,-0.0005753782778005624,-0.0005398647845130738,-0.0005727918609224795,-0.0005092256922650523,-0.0004266209900238794,-0.0003073024317902683,-0.0003384197532559182,-0.00027626542925330373,-0.0002617608623507062,-0.00010357899569349829,-0.0005869080968579111,-0.00029998309308656865,-0.0005356321980322565,-0.0002425941132294115,-0.0001985830246604445,-0.00015043293221564304,-0.00011877622124721062,-0.0002931191406024384,-0.0005149408630076111,-0.00021477207845286813,-0.0004397903468458282,8.453898836794708e-05,-0.00030190485240794623,-4.197953548268292e-05,0.7006931849243071,0.0
y,0.0,0.0,0.0,0.0,0.0,0.0,0.0,0.0,0.0,0.0,0.0,0.0,0.0,0.0,0.0,0.0,0.0,0.0,0.0,0.0,0.0,0.0,0.0,0.0,0.0,0.0,0.0,0.0,0.0,0.0,0.0,0.0,0.0,0.0,0.0,0.0,0.0,0.0,0.0,0.0,0.0,0.0,0.0,0.0,0.0,0.0,0.0,0.0,0.0,0.0,0.0,0.0,0.0,0.0,0.0,0.0,0.0,0.0
